TERM,ACAD_CAREER,COURSE CODE,CLASS SECTION,Delivery Mode of Lectures,START DATE,END DATE,MON,TUE,WED,THU,FRI,SAT,SUN,VENUE,START TIME,END TIME,COURSE TITLE,OFFER DEPT,INSTRUCTOR
2020-21 Sem 1,UG,COMP1117,1A,Online,2020-09-03,2020-09-24,,,,THU,,,,ONLINE,15:30,16:20,Computer programming,Dept of Computer Science,"Lam,Carmen; Ting,Hing Fung"
2020-21 Sem 1,UG,COMP1117,1A,Online,2020-09-07,2020-10-05,MON,,,,,,,ONLINE,15:30,17:20,Computer programming,Dept of Computer Science,"Lam,Carmen; Ting,Hing Fung"
2020-21 Sem 1,UG,COMP1117,1A,Online,2020-10-08,2020-10-08,,,,THU,,,,ONLINE,15:30,16:20,Computer programming,Dept of Computer Science,"Lam,Carmen; Ting,Hing Fung"
2020-21 Sem 1,UG,COMP1117,1A,Online,2020-10-19,2020-10-19,MON,,,,,,,ONLINE,15:30,17:20,Computer programming,Dept of Computer Science,"Lam,Carmen; Ting,Hing Fung"
2020-21 Sem 1,UG,COMP1117,1A,Online,2020-10-22,2020-11-26,,,,THU,,,,ONLINE,15:30,16:20,Computer programming,Dept of Computer Science,"Lam,Carmen; Ting,Hing Fung"
2020-21 Sem 1,UG,COMP1117,1A,Online,2020-11-02,2020-11-30,MON,,,,,,,ONLINE,15:30,17:20,Computer programming,Dept of Computer Science,"Lam,Carmen; Ting,Hing Fung"
2020-21 Sem 1,UG,COMP2113,1A,Face-to-face,2020-09-03,2020-09-24,,,,THU,,,,CPD-3.04,10:30,12:20,Programming technologies,Dept of Computer Science,"Chim,Tat Wing; Choi,Yi King"
2020-21 Sem 1,UG,COMP2113,1A,Face-to-face,2020-10-08,2020-10-08,,,,THU,,,,CPD-3.04,10:30,12:20,Programming technologies,Dept of Computer Science,"Chim,Tat Wing; Choi,Yi King"
2020-21 Sem 1,UG,COMP2113,1A,Face-to-face,2020-10-22,2020-11-26,,,,THU,,,,CPD-3.04,10:30,12:20,Programming technologies,Dept of Computer Science,"Chim,Tat Wing; Choi,Yi King"
2020-21 Sem 1,UG,COMP2113,1B,Face-to-face,2020-09-02,2020-10-07,,,WED,,,,,CYPP4,10:30,12:20,Programming technologies,Dept of Computer Science,"Chim,Tat Wing; Choi,Yi King"
2020-21 Sem 1,UG,COMP2113,1B,Face-to-face,2020-10-21,2020-11-25,,,WED,,,,,CYPP4,10:30,12:20,Programming technologies,Dept of Computer Science,"Chim,Tat Wing; Choi,Yi King"
2020-21 Sem 1,UG,COMP2113,1C,Face-to-face,2020-09-02,2020-10-07,,,WED,,,,,RHT,10:30,12:20,Programming technologies,Dept of Computer Science,"Chim,Tat Wing; Choi,Yi King"
2020-21 Sem 1,UG,COMP2113,1C,Face-to-face,2020-10-21,2020-11-25,,,WED,,,,,RHT,10:30,12:20,Programming technologies,Dept of Computer Science,"Chim,Tat Wing; Choi,Yi King"
2020-21 Sem 1,UG,COMP2119,1A,Online,2020-09-01,2020-10-06,,TUE,,,,,,ONLINE,12:30,13:20,Introduction to data structures and algorithms,Dept of Computer Science,"Chan,Tsz Hong Hubert"
2020-21 Sem 1,UG,COMP2119,1A,Online,2020-09-04,2020-09-25,,,,,FRI,,,ONLINE,12:30,14:20,Introduction to data structures and algorithms,Dept of Computer Science,"Chan,Tsz Hong Hubert"
2020-21 Sem 1,UG,COMP2119,1A,Online,2020-10-09,2020-10-09,,,,,FRI,,,ONLINE,12:30,14:20,Introduction to data structures and algorithms,Dept of Computer Science,"Chan,Tsz Hong Hubert"
2020-21 Sem 1,UG,COMP2119,1A,Online,2020-10-20,2020-11-24,,TUE,,,,,,ONLINE,12:30,13:20,Introduction to data structures and algorithms,Dept of Computer Science,"Chan,Tsz Hong Hubert"
2020-21 Sem 1,UG,COMP2119,1A,Online,2020-10-23,2020-11-27,,,,,FRI,,,ONLINE,12:30,14:20,Introduction to data structures and algorithms,Dept of Computer Science,"Chan,Tsz Hong Hubert"
2020-21 Sem 1,UG,COMP2121,1A,Online,2020-09-01,2020-10-06,,TUE,,,,,,ONLINE,09:30,10:20,Discrete mathematics,Dept of Computer Science,"Chan,Tsz Hong Hubert"
2020-21 Sem 1,UG,COMP2121,1A,Online,2020-09-04,2020-09-25,,,,,FRI,,,ONLINE,09:30,11:20,Discrete mathematics,Dept of Computer Science,"Chan,Tsz Hong Hubert"
2020-21 Sem 1,UG,COMP2121,1A,Online,2020-10-09,2020-10-09,,,,,FRI,,,ONLINE,09:30,11:20,Discrete mathematics,Dept of Computer Science,"Chan,Tsz Hong Hubert"
2020-21 Sem 1,UG,COMP2121,1A,Online,2020-10-20,2020-11-24,,TUE,,,,,,ONLINE,09:30,10:20,Discrete mathematics,Dept of Computer Science,"Chan,Tsz Hong Hubert"
2020-21 Sem 1,UG,COMP2121,1A,Online,2020-10-23,2020-11-27,,,,,FRI,,,ONLINE,09:30,11:20,Discrete mathematics,Dept of Computer Science,"Chan,Tsz Hong Hubert"
2020-21 Sem 1,UG,COMP2121,1B,Online,2020-09-01,2020-10-06,,TUE,,,,,,ONLINE,09:30,10:20,Discrete mathematics,Dept of Computer Science,"Chiribella,Giulio"
2020-21 Sem 1,UG,COMP2121,1B,Online,2020-09-04,2020-09-25,,,,,FRI,,,ONLINE,09:30,11:20,Discrete mathematics,Dept of Computer Science,"Chiribella,Giulio"
2020-21 Sem 1,UG,COMP2121,1B,Online,2020-10-09,2020-10-09,,,,,FRI,,,ONLINE,09:30,11:20,Discrete mathematics,Dept of Computer Science,"Chiribella,Giulio"
2020-21 Sem 1,UG,COMP2121,1B,Online,2020-10-20,2020-11-24,,TUE,,,,,,ONLINE,09:30,10:20,Discrete mathematics,Dept of Computer Science,"Chiribella,Giulio"
2020-21 Sem 1,UG,COMP2121,1B,Online,2020-10-23,2020-11-27,,,,,FRI,,,ONLINE,09:30,11:20,Discrete mathematics,Dept of Computer Science,"Chiribella,Giulio"
2020-21 Sem 1,UG,COMP2121,1C,Online,2020-09-01,2020-10-06,,TUE,,,,,,ONLINE,09:30,10:20,Discrete mathematics,Dept of Computer Science,"Ramanathan,Ravishankar"
2020-21 Sem 1,UG,COMP2121,1C,Online,2020-09-04,2020-09-25,,,,,FRI,,,ONLINE,09:30,11:20,Discrete mathematics,Dept of Computer Science,"Ramanathan,Ravishankar"
2020-21 Sem 1,UG,COMP2121,1C,Online,2020-10-09,2020-10-09,,,,,FRI,,,ONLINE,09:30,11:20,Discrete mathematics,Dept of Computer Science,"Ramanathan,Ravishankar"
2020-21 Sem 1,UG,COMP2121,1C,Online,2020-10-20,2020-11-24,,TUE,,,,,,ONLINE,09:30,10:20,Discrete mathematics,Dept of Computer Science,"Ramanathan,Ravishankar"
2020-21 Sem 1,UG,COMP2121,1C,Online,2020-10-23,2020-11-27,,,,,FRI,,,ONLINE,09:30,11:20,Discrete mathematics,Dept of Computer Science,"Ramanathan,Ravishankar"
2020-21 Sem 1,UG,COMP2396,1A,Online,2020-09-04,2020-09-25,,,,,FRI,,,ONLINE,15:30,17:20,Object-oriented programming and Java,Dept of Computer Science,"Wong,Kwan Yee Kenneth"
2020-21 Sem 1,UG,COMP2396,1A,Online,2020-09-07,2020-10-05,MON,,,,,,,ONLINE,15:30,17:20,Object-oriented programming and Java,Dept of Computer Science,"Wong,Kwan Yee Kenneth"
2020-21 Sem 1,UG,COMP2396,1A,Online,2020-10-09,2020-10-09,,,,,FRI,,,ONLINE,15:30,17:20,Object-oriented programming and Java,Dept of Computer Science,"Wong,Kwan Yee Kenneth"
2020-21 Sem 1,UG,COMP2396,1A,Online,2020-10-19,2020-10-19,MON,,,,,,,ONLINE,15:30,17:20,Object-oriented programming and Java,Dept of Computer Science,"Wong,Kwan Yee Kenneth"
2020-21 Sem 1,UG,COMP2396,1A,Online,2020-10-23,2020-11-27,,,,,FRI,,,ONLINE,15:30,17:20,Object-oriented programming and Java,Dept of Computer Science,"Wong,Kwan Yee Kenneth"
2020-21 Sem 1,UG,COMP2396,1A,Online,2020-11-02,2020-11-30,MON,,,,,,,ONLINE,15:30,17:20,Object-oriented programming and Java,Dept of Computer Science,"Wong,Kwan Yee Kenneth"
2020-21 Sem 1,UG,COMP3230,1A,Online,2020-09-01,2020-10-06,,TUE,,,,,,ONLINE,13:30,15:20,Principles of operating systems,Dept of Computer Science,"Wang,Cho Li"
2020-21 Sem 1,UG,COMP3230,1A,Online,2020-09-04,2020-09-25,,,,,FRI,,,ONLINE,14:30,15:20,Principles of operating systems,Dept of Computer Science,"Wang,Cho Li"
2020-21 Sem 1,UG,COMP3230,1A,Online,2020-10-09,2020-10-09,,,,,FRI,,,ONLINE,14:30,15:20,Principles of operating systems,Dept of Computer Science,"Wang,Cho Li"
2020-21 Sem 1,UG,COMP3230,1A,Online,2020-10-20,2020-11-24,,TUE,,,,,,ONLINE,13:30,15:20,Principles of operating systems,Dept of Computer Science,"Wang,Cho Li"
2020-21 Sem 1,UG,COMP3230,1A,Online,2020-10-23,2020-11-27,,,,,FRI,,,ONLINE,14:30,15:20,Principles of operating systems,Dept of Computer Science,"Wang,Cho Li"
2020-21 Sem 1,UG,COMP3230,1B,Online,2020-09-03,2020-09-24,,,,THU,,,,ONLINE,13:30,15:20,Principles of operating systems,Dept of Computer Science,"Wang,Cho Li"
2020-21 Sem 1,UG,COMP3230,1B,Online,2020-09-07,2020-10-05,MON,,,,,,,ONLINE,14:30,15:20,Principles of operating systems,Dept of Computer Science,"Wang,Cho Li"
2020-21 Sem 1,UG,COMP3230,1B,Online,2020-10-08,2020-10-08,,,,THU,,,,ONLINE,13:30,15:20,Principles of operating systems,Dept of Computer Science,"Wang,Cho Li"
2020-21 Sem 1,UG,COMP3230,1B,Online,2020-10-19,2020-10-19,MON,,,,,,,ONLINE,14:30,15:20,Principles of operating systems,Dept of Computer Science,"Wang,Cho Li"
2020-21 Sem 1,UG,COMP3230,1B,Online,2020-10-22,2020-11-26,,,,THU,,,,ONLINE,13:30,15:20,Principles of operating systems,Dept of Computer Science,"Wang,Cho Li"
2020-21 Sem 1,UG,COMP3230,1B,Online,2020-11-02,2020-11-30,MON,,,,,,,ONLINE,14:30,15:20,Principles of operating systems,Dept of Computer Science,"Wang,Cho Li"
2020-21 Sem 1,UG,COMP3231,1A,Face-to-face,2020-09-01,2020-10-06,,TUE,,,,,,CPD-3.28,15:30,16:20,Computer architecture,Dept of Computer Science,"Cui,Heming"
2020-21 Sem 1,UG,COMP3231,1A,Face-to-face,2020-09-04,2020-09-25,,,,,FRI,,,CPD-LG.07,15:30,17:20,Computer architecture,Dept of Computer Science,"Cui,Heming"
2020-21 Sem 1,UG,COMP3231,1A,Face-to-face,2020-10-09,2020-10-09,,,,,FRI,,,CPD-LG.07,15:30,17:20,Computer architecture,Dept of Computer Science,"Cui,Heming"
2020-21 Sem 1,UG,COMP3231,1A,Face-to-face,2020-10-20,2020-11-24,,TUE,,,,,,CPD-3.28,15:30,16:20,Computer architecture,Dept of Computer Science,"Cui,Heming"
2020-21 Sem 1,UG,COMP3231,1A,Face-to-face,2020-10-23,2020-11-27,,,,,FRI,,,CPD-LG.07,15:30,17:20,Computer architecture,Dept of Computer Science,"Cui,Heming"
2020-21 Sem 1,UG,COMP3258,1A,Online,2020-09-03,2020-09-24,,,,THU,,,,ONLINE,15:30,16:20,Functional programming,Dept of Computer Science,"Dos Santos Oliveira,Bruno Cesar"
2020-21 Sem 1,UG,COMP3258,1A,Online,2020-09-07,2020-10-05,MON,,,,,,,ONLINE,15:30,17:20,Functional programming,Dept of Computer Science,"Dos Santos Oliveira,Bruno Cesar"
2020-21 Sem 1,UG,COMP3258,1A,Online,2020-10-08,2020-10-08,,,,THU,,,,ONLINE,15:30,16:20,Functional programming,Dept of Computer Science,"Dos Santos Oliveira,Bruno Cesar"
2020-21 Sem 1,UG,COMP3258,1A,Online,2020-10-19,2020-10-19,MON,,,,,,,ONLINE,15:30,17:20,Functional programming,Dept of Computer Science,"Dos Santos Oliveira,Bruno Cesar"
2020-21 Sem 1,UG,COMP3258,1A,Online,2020-10-22,2020-11-26,,,,THU,,,,ONLINE,15:30,16:20,Functional programming,Dept of Computer Science,"Dos Santos Oliveira,Bruno Cesar"
2020-21 Sem 1,UG,COMP3258,1A,Online,2020-11-02,2020-11-30,MON,,,,,,,ONLINE,15:30,17:20,Functional programming,Dept of Computer Science,"Dos Santos Oliveira,Bruno Cesar"
2020-21 Sem 1,UG,COMP3270,1A,Face-to-face,2020-09-01,2020-10-06,,TUE,,,,,,LE1,10:30,12:20,Artificial intelligence,Dept of Computer Science,"Chan,Kwok Ping"
2020-21 Sem 1,UG,COMP3270,1A,Face-to-face,2020-09-04,2020-09-25,,,,,FRI,,,LE1,11:30,12:20,Artificial intelligence,Dept of Computer Science,"Chan,Kwok Ping"
2020-21 Sem 1,UG,COMP3270,1A,Face-to-face,2020-10-09,2020-10-09,,,,,FRI,,,LE1,11:30,12:20,Artificial intelligence,Dept of Computer Science,"Chan,Kwok Ping"
2020-21 Sem 1,UG,COMP3270,1A,Face-to-face,2020-10-20,2020-11-24,,TUE,,,,,,LE1,10:30,12:20,Artificial intelligence,Dept of Computer Science,"Chan,Kwok Ping"
2020-21 Sem 1,UG,COMP3270,1A,Face-to-face,2020-10-23,2020-11-27,,,,,FRI,,,LE1,11:30,12:20,Artificial intelligence,Dept of Computer Science,"Chan,Kwok Ping"
2020-21 Sem 1,UG,COMP3278,1A,Online,2020-09-03,2020-09-24,,,,THU,,,,ONLINE,09:30,10:20,Introduction to database management systems,Dept of Computer Science,"Lam,Ka Man"
2020-21 Sem 1,UG,COMP3278,1A,Online,2020-09-07,2020-10-05,MON,,,,,,,ONLINE,09:30,11:20,Introduction to database management systems,Dept of Computer Science,"Lam,Ka Man"
2020-21 Sem 1,UG,COMP3278,1A,Online,2020-10-08,2020-10-08,,,,THU,,,,ONLINE,09:30,10:20,Introduction to database management systems,Dept of Computer Science,"Lam,Ka Man"
2020-21 Sem 1,UG,COMP3278,1A,Online,2020-10-19,2020-10-19,MON,,,,,,,ONLINE,09:30,11:20,Introduction to database management systems,Dept of Computer Science,"Lam,Ka Man"
2020-21 Sem 1,UG,COMP3278,1A,Online,2020-10-22,2020-11-26,,,,THU,,,,ONLINE,09:30,10:20,Introduction to database management systems,Dept of Computer Science,"Lam,Ka Man"
2020-21 Sem 1,UG,COMP3278,1A,Online,2020-11-02,2020-11-30,MON,,,,,,,ONLINE,09:30,11:20,Introduction to database management systems,Dept of Computer Science,"Lam,Ka Man"
2020-21 Sem 1,UG,COMP3297,1A,Online,2020-09-03,2020-09-24,,,,THU,,,,ONLINE,16:30,18:20,Software engineering,Dept of Computer Science,"Lam,Ka Man; Mitcheson,George Richard"
2020-21 Sem 1,UG,COMP3297,1A,Online,2020-09-07,2020-10-05,MON,,,,,,,ONLINE,17:30,18:20,Software engineering,Dept of Computer Science,"Lam,Ka Man; Mitcheson,George Richard"
2020-21 Sem 1,UG,COMP3297,1A,Online,2020-10-08,2020-10-08,,,,THU,,,,ONLINE,16:30,18:20,Software engineering,Dept of Computer Science,"Lam,Ka Man; Mitcheson,George Richard"
2020-21 Sem 1,UG,COMP3297,1A,Online,2020-10-19,2020-10-19,MON,,,,,,,ONLINE,17:30,18:20,Software engineering,Dept of Computer Science,"Lam,Ka Man; Mitcheson,George Richard"
2020-21 Sem 1,UG,COMP3297,1A,Online,2020-10-22,2020-11-26,,,,THU,,,,ONLINE,16:30,18:20,Software engineering,Dept of Computer Science,"Lam,Ka Man; Mitcheson,George Richard"
2020-21 Sem 1,UG,COMP3297,1A,Online,2020-11-02,2020-11-30,MON,,,,,,,ONLINE,17:30,18:20,Software engineering,Dept of Computer Science,"Lam,Ka Man; Mitcheson,George Richard"
2020-21 Sem 1,UG,COMP3314,1A,Face-to-face,2020-09-03,2020-09-24,,,,THU,,,,LE1,16:30,18:20,Machine learning,Dept of Computer Science,"Schnieders,Dirk"
2020-21 Sem 1,UG,COMP3314,1A,Face-to-face,2020-09-07,2020-10-05,MON,,,,,,,LE1,17:30,18:20,Machine learning,Dept of Computer Science,"Schnieders,Dirk"
2020-21 Sem 1,UG,COMP3314,1A,Face-to-face,2020-10-08,2020-10-08,,,,THU,,,,LE1,16:30,18:20,Machine learning,Dept of Computer Science,"Schnieders,Dirk"
2020-21 Sem 1,UG,COMP3314,1A,Face-to-face,2020-10-19,2020-10-19,MON,,,,,,,LE1,17:30,18:20,Machine learning,Dept of Computer Science,"Schnieders,Dirk"
2020-21 Sem 1,UG,COMP3314,1A,Face-to-face,2020-10-22,2020-11-26,,,,THU,,,,LE1,16:30,18:20,Machine learning,Dept of Computer Science,"Schnieders,Dirk"
2020-21 Sem 1,UG,COMP3314,1A,Face-to-face,2020-11-02,2020-11-30,MON,,,,,,,LE1,17:30,18:20,Machine learning,Dept of Computer Science,"Schnieders,Dirk"
2020-21 Sem 1,UG,COMP3316,1A,Face-to-face,2020-09-03,2020-09-24,,,,THU,,,,CBC,13:30,15:20,Quantum information and computation,Dept of Computer Science,"Chiribella,Giulio"
2020-21 Sem 1,UG,COMP3316,1A,Face-to-face,2020-09-07,2020-10-05,MON,,,,,,,CBC,14:30,15:20,Quantum information and computation,Dept of Computer Science,"Chiribella,Giulio"
2020-21 Sem 1,UG,COMP3316,1A,Face-to-face,2020-10-08,2020-10-08,,,,THU,,,,CBC,13:30,15:20,Quantum information and computation,Dept of Computer Science,"Chiribella,Giulio"
2020-21 Sem 1,UG,COMP3316,1A,Face-to-face,2020-10-19,2020-10-19,MON,,,,,,,CBC,14:30,15:20,Quantum information and computation,Dept of Computer Science,"Chiribella,Giulio"
2020-21 Sem 1,UG,COMP3316,1A,Face-to-face,2020-10-22,2020-11-26,,,,THU,,,,CBC,13:30,15:20,Quantum information and computation,Dept of Computer Science,"Chiribella,Giulio"
2020-21 Sem 1,UG,COMP3316,1A,Face-to-face,2020-11-02,2020-11-30,MON,,,,,,,CBC,14:30,15:20,Quantum information and computation,Dept of Computer Science,"Chiribella,Giulio"
2020-21 Sem 1,UG,COMP3322,1A,Online,2020-09-04,2020-09-25,,,,,FRI,,,ONLINE,12:30,14:20,Modern Technologies on World Wide Web,Dept of Computer Science,"Tam,Tat Chun Anthony"
2020-21 Sem 1,UG,COMP3322,1A,Online,2020-09-07,2020-10-05,MON,,,,,,,ONLINE,12:30,14:20,Modern Technologies on World Wide Web,Dept of Computer Science,"Tam,Tat Chun Anthony"
2020-21 Sem 1,UG,COMP3322,1A,Online,2020-10-09,2020-10-09,,,,,FRI,,,ONLINE,12:30,14:20,Modern Technologies on World Wide Web,Dept of Computer Science,"Tam,Tat Chun Anthony"
2020-21 Sem 1,UG,COMP3322,1A,Online,2020-10-19,2020-10-19,MON,,,,,,,ONLINE,12:30,14:20,Modern Technologies on World Wide Web,Dept of Computer Science,"Tam,Tat Chun Anthony"
2020-21 Sem 1,UG,COMP3322,1A,Online,2020-10-23,2020-11-27,,,,,FRI,,,ONLINE,12:30,14:20,Modern Technologies on World Wide Web,Dept of Computer Science,"Tam,Tat Chun Anthony"
2020-21 Sem 1,UG,COMP3322,1A,Online,2020-11-02,2020-11-30,MON,,,,,,,ONLINE,12:30,14:20,Modern Technologies on World Wide Web,Dept of Computer Science,"Tam,Tat Chun Anthony"
2020-21 Sem 1,UG,COMP3323,1A,Face-to-face,2020-09-01,2020-10-06,,TUE,,,,,,CBC,09:30,10:20,Advanced database systems,Dept of Computer Science,"Cheng,Chun Kong Reynold"
2020-21 Sem 1,UG,COMP3323,1A,Face-to-face,2020-09-04,2020-09-25,,,,,FRI,,,CBC,09:30,11:20,Advanced database systems,Dept of Computer Science,"Cheng,Chun Kong Reynold"
2020-21 Sem 1,UG,COMP3323,1A,Face-to-face,2020-10-09,2020-10-09,,,,,FRI,,,CBC,09:30,11:20,Advanced database systems,Dept of Computer Science,"Cheng,Chun Kong Reynold"
2020-21 Sem 1,UG,COMP3323,1A,Face-to-face,2020-10-20,2020-11-24,,TUE,,,,,,CBC,09:30,10:20,Advanced database systems,Dept of Computer Science,"Cheng,Chun Kong Reynold"
2020-21 Sem 1,UG,COMP3323,1A,Face-to-face,2020-10-23,2020-11-27,,,,,FRI,,,CBC,09:30,11:20,Advanced database systems,Dept of Computer Science,"Cheng,Chun Kong Reynold"
2020-21 Sem 1,UG,COMP3330,1A,Face-to-face,2020-09-03,2020-09-24,,,,THU,,,,LE1,12:30,13:20,Interactive Mobile Application Design and Programming,Dept of Computer Science,"Chim,Tat Wing"
2020-21 Sem 1,UG,COMP3330,1A,Face-to-face,2020-09-07,2020-10-05,MON,,,,,,,LE1,12:30,14:20,Interactive Mobile Application Design and Programming,Dept of Computer Science,"Chim,Tat Wing"
2020-21 Sem 1,UG,COMP3330,1A,Face-to-face,2020-10-08,2020-10-08,,,,THU,,,,LE1,12:30,13:20,Interactive Mobile Application Design and Programming,Dept of Computer Science,"Chim,Tat Wing"
2020-21 Sem 1,UG,COMP3330,1A,Face-to-face,2020-10-19,2020-10-19,MON,,,,,,,LE1,12:30,14:20,Interactive Mobile Application Design and Programming,Dept of Computer Science,"Chim,Tat Wing"
2020-21 Sem 1,UG,COMP3330,1A,Face-to-face,2020-10-22,2020-11-26,,,,THU,,,,LE1,12:30,13:20,Interactive Mobile Application Design and Programming,Dept of Computer Science,"Chim,Tat Wing"
2020-21 Sem 1,UG,COMP3330,1A,Face-to-face,2020-11-02,2020-11-30,MON,,,,,,,LE1,12:30,14:20,Interactive Mobile Application Design and Programming,Dept of Computer Science,"Chim,Tat Wing"
2020-21 Sem 1,UG,COMP3340,1A,Face-to-face,2020-09-03,2020-09-24,,,,THU,,,,CPD-3.28,15:30,16:20,Applied Deep Learning,Dept of Computer Science,"Luo,Ping"
2020-21 Sem 1,UG,COMP3340,1A,Face-to-face,2020-09-07,2020-10-05,MON,,,,,,,CPD-3.28,15:30,17:20,Applied Deep Learning,Dept of Computer Science,"Luo,Ping"
2020-21 Sem 1,UG,COMP3340,1A,Face-to-face,2020-10-08,2020-10-08,,,,THU,,,,CPD-3.28,15:30,16:20,Applied Deep Learning,Dept of Computer Science,"Luo,Ping"
2020-21 Sem 1,UG,COMP3340,1A,Face-to-face,2020-10-19,2020-10-19,MON,,,,,,,CPD-3.28,15:30,17:20,Applied Deep Learning,Dept of Computer Science,"Luo,Ping"
2020-21 Sem 1,UG,COMP3340,1A,Face-to-face,2020-10-22,2020-11-26,,,,THU,,,,CPD-3.28,15:30,16:20,Applied Deep Learning,Dept of Computer Science,"Luo,Ping"
2020-21 Sem 1,UG,COMP3340,1A,Face-to-face,2020-11-02,2020-11-30,MON,,,,,,,CPD-3.28,15:30,17:20,Applied Deep Learning,Dept of Computer Science,"Luo,Ping"
2020-21 Sem 1,UG,COMP3351,1A,Face-to-face,2020-09-03,2020-09-24,,,,THU,,,,CBC,10:30,12:20,Advanced algorithm analysis,Dept of Computer Science,"Huang,Zhiyi"
2020-21 Sem 1,UG,COMP3351,1A,Face-to-face,2020-09-07,2020-10-05,MON,,,,,,,CBC,11:30,12:20,Advanced algorithm analysis,Dept of Computer Science,"Huang,Zhiyi"
2020-21 Sem 1,UG,COMP3351,1A,Face-to-face,2020-10-08,2020-10-08,,,,THU,,,,CBC,10:30,12:20,Advanced algorithm analysis,Dept of Computer Science,"Huang,Zhiyi"
2020-21 Sem 1,UG,COMP3351,1A,Face-to-face,2020-10-19,2020-10-19,MON,,,,,,,CBC,11:30,12:20,Advanced algorithm analysis,Dept of Computer Science,"Huang,Zhiyi"
2020-21 Sem 1,UG,COMP3351,1A,Face-to-face,2020-10-22,2020-11-26,,,,THU,,,,CBC,10:30,12:20,Advanced algorithm analysis,Dept of Computer Science,"Huang,Zhiyi"
2020-21 Sem 1,UG,COMP3351,1A,Face-to-face,2020-11-02,2020-11-30,MON,,,,,,,CBC,11:30,12:20,Advanced algorithm analysis,Dept of Computer Science,"Huang,Zhiyi"
2020-21 Sem 1,UG,COMP3353,1A,Face-to-face,2020-09-01,2020-10-06,,TUE,,,,,,CPD-LG.09,16:30,18:20,Bioinformatics,Dept of Computer Science,"Luo,Ruibang"
2020-21 Sem 1,UG,COMP3353,1A,Face-to-face,2020-09-04,2020-09-25,,,,,FRI,,,CPD-LG.09,17:30,18:20,Bioinformatics,Dept of Computer Science,"Luo,Ruibang"
2020-21 Sem 1,UG,COMP3353,1A,Face-to-face,2020-10-09,2020-10-09,,,,,FRI,,,CPD-LG.09,17:30,18:20,Bioinformatics,Dept of Computer Science,"Luo,Ruibang"
2020-21 Sem 1,UG,COMP3353,1A,Face-to-face,2020-10-20,2020-11-24,,TUE,,,,,,CPD-LG.09,16:30,18:20,Bioinformatics,Dept of Computer Science,"Luo,Ruibang"
2020-21 Sem 1,UG,COMP3353,1A,Face-to-face,2020-10-23,2020-11-27,,,,,FRI,,,CPD-LG.09,17:30,18:20,Bioinformatics,Dept of Computer Science,"Luo,Ruibang"
2020-21 Sem 1,UG,COMP3355,1A,Online,2020-09-01,2020-10-06,,TUE,,,,,,ONLINE,10:30,12:20,Cyber Security,Dept of Computer Science,"Chow,Kam Pui"
2020-21 Sem 1,UG,COMP3355,1A,Online,2020-09-04,2020-09-25,,,,,FRI,,,ONLINE,11:30,12:20,Cyber Security,Dept of Computer Science,"Chow,Kam Pui"
2020-21 Sem 1,UG,COMP3355,1A,Online,2020-10-09,2020-10-09,,,,,FRI,,,ONLINE,11:30,12:20,Cyber Security,Dept of Computer Science,"Chow,Kam Pui"
2020-21 Sem 1,UG,COMP3355,1A,Online,2020-10-20,2020-11-24,,TUE,,,,,,ONLINE,10:30,12:20,Cyber Security,Dept of Computer Science,"Chow,Kam Pui"
2020-21 Sem 1,UG,COMP3355,1A,Online,2020-10-23,2020-11-27,,,,,FRI,,,ONLINE,11:30,12:20,Cyber Security,Dept of Computer Science,"Chow,Kam Pui"
2020-21 Sem 1,UG,COMP3356,1A,Face-to-face,2020-09-01,2020-10-06,,TUE,,,,,,CBA,16:30,18:20,Robotics,Dept of Computer Science,"Pan,Jia"
2020-21 Sem 1,UG,COMP3356,1A,Face-to-face,2020-09-04,2020-09-25,,,,,FRI,,,CBA,17:30,18:20,Robotics,Dept of Computer Science,"Pan,Jia"
2020-21 Sem 1,UG,COMP3356,1A,Face-to-face,2020-10-09,2020-10-09,,,,,FRI,,,CBA,17:30,18:20,Robotics,Dept of Computer Science,"Pan,Jia"
2020-21 Sem 1,UG,COMP3356,1A,Face-to-face,2020-10-20,2020-11-24,,TUE,,,,,,CBA,16:30,18:20,Robotics,Dept of Computer Science,"Pan,Jia"
2020-21 Sem 1,UG,COMP3356,1A,Face-to-face,2020-10-23,2020-11-27,,,,,FRI,,,CBA,17:30,18:20,Robotics,Dept of Computer Science,"Pan,Jia"
2020-21 Sem 2,UG,COMP1117,2B,Online,2021-01-19,2021-02-09,,TUE,,,,,,ONLINE,12:30,13:20,Computer programming,Dept of Computer Science,"Lam,Ka Man; Ting,Hing Fung"
2020-21 Sem 2,UG,COMP1117,2B,Online,2021-01-22,2021-02-05,,,,,FRI,,,ONLINE,12:30,14:20,Computer programming,Dept of Computer Science,"Lam,Ka Man; Ting,Hing Fung"
2020-21 Sem 2,UG,COMP1117,2B,Online,2021-02-19,2021-03-05,,,,,FRI,,,ONLINE,12:30,14:20,Computer programming,Dept of Computer Science,"Lam,Ka Man; Ting,Hing Fung"
2020-21 Sem 2,UG,COMP1117,2B,Online,2021-02-23,2021-03-02,,TUE,,,,,,ONLINE,12:30,13:20,Computer programming,Dept of Computer Science,"Lam,Ka Man; Ting,Hing Fung"
2020-21 Sem 2,UG,COMP1117,2B,Online,2021-03-19,2021-03-26,,,,,FRI,,,ONLINE,12:30,14:20,Computer programming,Dept of Computer Science,"Lam,Ka Man; Ting,Hing Fung"
2020-21 Sem 2,UG,COMP1117,2B,Online,2021-03-23,2021-03-30,,TUE,,,,,,ONLINE,12:30,13:20,Computer programming,Dept of Computer Science,"Lam,Ka Man; Ting,Hing Fung"
2020-21 Sem 2,UG,COMP1117,2B,Online,2021-04-09,2021-04-30,,,,,FRI,,,ONLINE,12:30,14:20,Computer programming,Dept of Computer Science,"Lam,Ka Man; Ting,Hing Fung"
2020-21 Sem 2,UG,COMP1117,2B,Online,2021-04-13,2021-04-27,,TUE,,,,,,ONLINE,12:30,13:20,Computer programming,Dept of Computer Science,"Lam,Ka Man; Ting,Hing Fung"
2020-21 Sem 2,UG,COMP2113,2D,Face-to-face,2021-01-18,2021-02-08,MON,,,,,,,CYPP4,12:30,14:20,Programming technologies,Dept of Computer Science,"Choi,Yi King; Luo,Ruibang"
2020-21 Sem 2,UG,COMP2113,2D,Face-to-face,2021-01-22,2021-01-22,,,,,FRI,,,ONLINE,12:30,14:20,Programming technologies,Dept of Computer Science,"Choi,Yi King; Luo,Ruibang"
2020-21 Sem 2,UG,COMP2113,2D,Face-to-face,2021-02-22,2021-03-01,MON,,,,,,,CYPP4,12:30,14:20,Programming technologies,Dept of Computer Science,"Choi,Yi King; Luo,Ruibang"
2020-21 Sem 2,UG,COMP2113,2D,Face-to-face,2021-03-15,2021-03-29,MON,,,,,,,CYPP4,12:30,14:20,Programming technologies,Dept of Computer Science,"Choi,Yi King; Luo,Ruibang"
2020-21 Sem 2,UG,COMP2113,2D,Face-to-face,2021-04-12,2021-04-26,MON,,,,,,,CYPP4,12:30,14:20,Programming technologies,Dept of Computer Science,"Choi,Yi King; Luo,Ruibang"
2020-21 Sem 2,UG,COMP2113,2E,Online,2021-01-19,2021-02-09,,TUE,,,,,,ONLINE,13:30,15:20,Programming technologies,Dept of Computer Science,"Choi,Yi King; Luo,Ruibang"
2020-21 Sem 2,UG,COMP2113,2E,Online,2021-01-22,2021-01-22,,,,,FRI,,,ONLINE,12:30,14:20,Programming technologies,Dept of Computer Science,"Choi,Yi King; Luo,Ruibang"
2020-21 Sem 2,UG,COMP2113,2E,Online,2021-02-23,2021-03-02,,TUE,,,,,,ONLINE,13:30,15:20,Programming technologies,Dept of Computer Science,"Choi,Yi King; Luo,Ruibang"
2020-21 Sem 2,UG,COMP2113,2E,Online,2021-03-23,2021-03-30,,TUE,,,,,,ONLINE,13:30,15:20,Programming technologies,Dept of Computer Science,"Choi,Yi King; Luo,Ruibang"
2020-21 Sem 2,UG,COMP2113,2E,Online,2021-04-13,2021-04-27,,TUE,,,,,,ONLINE,13:30,15:20,Programming technologies,Dept of Computer Science,"Choi,Yi King; Luo,Ruibang"
2020-21 Sem 2,UG,COMP2119,2B,Online,2021-01-18,2021-02-08,MON,,,,,,,ONLINE,12:30,14:20,Introduction to data structures and algorithms,Dept of Computer Science,"Kao,Chi Ming"
2020-21 Sem 2,UG,COMP2119,2B,Online,2021-01-21,2021-02-11,,,,THU,,,,ONLINE,12:30,13:20,Introduction to data structures and algorithms,Dept of Computer Science,"Kao,Chi Ming"
2020-21 Sem 2,UG,COMP2119,2B,Online,2021-02-22,2021-03-01,MON,,,,,,,ONLINE,12:30,14:20,Introduction to data structures and algorithms,Dept of Computer Science,"Kao,Chi Ming"
2020-21 Sem 2,UG,COMP2119,2B,Online,2021-02-25,2021-03-04,,,,THU,,,,ONLINE,12:30,13:20,Introduction to data structures and algorithms,Dept of Computer Science,"Kao,Chi Ming"
2020-21 Sem 2,UG,COMP2119,2B,Online,2021-03-15,2021-03-29,MON,,,,,,,ONLINE,12:30,14:20,Introduction to data structures and algorithms,Dept of Computer Science,"Kao,Chi Ming"
2020-21 Sem 2,UG,COMP2119,2B,Online,2021-03-18,2021-04-29,,,,THU,,,,ONLINE,12:30,13:20,Introduction to data structures and algorithms,Dept of Computer Science,"Kao,Chi Ming"
2020-21 Sem 2,UG,COMP2119,2B,Online,2021-04-12,2021-04-26,MON,,,,,,,ONLINE,12:30,14:20,Introduction to data structures and algorithms,Dept of Computer Science,"Kao,Chi Ming"
2020-21 Sem 2,UG,COMP2119,2C,Online,2021-01-18,2021-02-08,MON,,,,,,,ONLINE,12:30,14:20,Introduction to data structures and algorithms,Dept of Computer Science,"Yiu,Siu Ming"
2020-21 Sem 2,UG,COMP2119,2C,Online,2021-01-21,2021-02-11,,,,THU,,,,ONLINE,12:30,13:20,Introduction to data structures and algorithms,Dept of Computer Science,"Yiu,Siu Ming"
2020-21 Sem 2,UG,COMP2119,2C,Online,2021-02-22,2021-03-01,MON,,,,,,,ONLINE,12:30,14:20,Introduction to data structures and algorithms,Dept of Computer Science,"Yiu,Siu Ming"
2020-21 Sem 2,UG,COMP2119,2C,Online,2021-02-25,2021-03-04,,,,THU,,,,ONLINE,12:30,13:20,Introduction to data structures and algorithms,Dept of Computer Science,"Yiu,Siu Ming"
2020-21 Sem 2,UG,COMP2119,2C,Online,2021-03-15,2021-03-29,MON,,,,,,,ONLINE,12:30,14:20,Introduction to data structures and algorithms,Dept of Computer Science,"Yiu,Siu Ming"
2020-21 Sem 2,UG,COMP2119,2C,Online,2021-03-18,2021-04-29,,,,THU,,,,ONLINE,12:30,13:20,Introduction to data structures and algorithms,Dept of Computer Science,"Yiu,Siu Ming"
2020-21 Sem 2,UG,COMP2119,2C,Online,2021-04-12,2021-04-26,MON,,,,,,,ONLINE,12:30,14:20,Introduction to data structures and algorithms,Dept of Computer Science,"Yiu,Siu Ming"
2020-21 Sem 2,UG,COMP2120,2A,Online,2021-01-19,2021-02-09,,TUE,,,,,,ONLINE,09:30,10:20,Computer organization,Dept of Computer Science,"Lam,Ka Man"
2020-21 Sem 2,UG,COMP2120,2A,Online,2021-01-22,2021-02-05,,,,,FRI,,,ONLINE,09:30,11:20,Computer organization,Dept of Computer Science,"Lam,Ka Man"
2020-21 Sem 2,UG,COMP2120,2A,Online,2021-02-19,2021-03-05,,,,,FRI,,,ONLINE,09:30,11:20,Computer organization,Dept of Computer Science,"Lam,Ka Man"
2020-21 Sem 2,UG,COMP2120,2A,Online,2021-02-23,2021-03-02,,TUE,,,,,,ONLINE,09:30,10:20,Computer organization,Dept of Computer Science,"Lam,Ka Man"
2020-21 Sem 2,UG,COMP2120,2A,Online,2021-03-19,2021-03-26,,,,,FRI,,,ONLINE,09:30,11:20,Computer organization,Dept of Computer Science,"Lam,Ka Man"
2020-21 Sem 2,UG,COMP2120,2A,Online,2021-03-23,2021-03-30,,TUE,,,,,,ONLINE,09:30,10:20,Computer organization,Dept of Computer Science,"Lam,Ka Man"
2020-21 Sem 2,UG,COMP2120,2A,Online,2021-04-09,2021-04-30,,,,,FRI,,,ONLINE,09:30,11:20,Computer organization,Dept of Computer Science,"Lam,Ka Man"
2020-21 Sem 2,UG,COMP2120,2A,Online,2021-04-13,2021-04-27,,TUE,,,,,,ONLINE,09:30,10:20,Computer organization,Dept of Computer Science,"Lam,Ka Man"
2020-21 Sem 2,UG,COMP2120,2B,Online,2021-01-18,2021-02-08,MON,,,,,,,ONLINE,09:30,11:20,Computer organization,Dept of Computer Science,"Chan,Kwok Ping"
2020-21 Sem 2,UG,COMP2120,2B,Online,2021-01-21,2021-02-11,,,,THU,,,,ONLINE,09:30,10:20,Computer organization,Dept of Computer Science,"Chan,Kwok Ping"
2020-21 Sem 2,UG,COMP2120,2B,Online,2021-02-22,2021-03-01,MON,,,,,,,ONLINE,09:30,11:20,Computer organization,Dept of Computer Science,"Chan,Kwok Ping"
2020-21 Sem 2,UG,COMP2120,2B,Online,2021-02-25,2021-03-04,,,,THU,,,,ONLINE,09:30,10:20,Computer organization,Dept of Computer Science,"Chan,Kwok Ping"
2020-21 Sem 2,UG,COMP2120,2B,Online,2021-03-15,2021-03-29,MON,,,,,,,ONLINE,09:30,11:20,Computer organization,Dept of Computer Science,"Chan,Kwok Ping"
2020-21 Sem 2,UG,COMP2120,2B,Online,2021-03-18,2021-04-29,,,,THU,,,,ONLINE,09:30,10:20,Computer organization,Dept of Computer Science,"Chan,Kwok Ping"
2020-21 Sem 2,UG,COMP2120,2B,Online,2021-04-12,2021-04-26,MON,,,,,,,ONLINE,09:30,11:20,Computer organization,Dept of Computer Science,"Chan,Kwok Ping"
2020-21 Sem 2,UG,COMP2396,2B,Online,2021-01-19,2021-02-09,,TUE,,,,,,ONLINE,12:30,13:20,Object-oriented programming and Java,Dept of Computer Science,"Chim,Tat Wing"
2020-21 Sem 2,UG,COMP2396,2B,Online,2021-01-22,2021-02-05,,,,,FRI,,,ONLINE,12:30,14:20,Object-oriented programming and Java,Dept of Computer Science,"Chim,Tat Wing"
2020-21 Sem 2,UG,COMP2396,2B,Online,2021-02-19,2021-03-05,,,,,FRI,,,ONLINE,12:30,14:20,Object-oriented programming and Java,Dept of Computer Science,"Chim,Tat Wing"
2020-21 Sem 2,UG,COMP2396,2B,Online,2021-02-23,2021-03-02,,TUE,,,,,,ONLINE,12:30,13:20,Object-oriented programming and Java,Dept of Computer Science,"Chim,Tat Wing"
2020-21 Sem 2,UG,COMP2396,2B,Online,2021-03-19,2021-03-26,,,,,FRI,,,ONLINE,12:30,14:20,Object-oriented programming and Java,Dept of Computer Science,"Chim,Tat Wing"
2020-21 Sem 2,UG,COMP2396,2B,Online,2021-03-23,2021-03-30,,TUE,,,,,,ONLINE,12:30,13:20,Object-oriented programming and Java,Dept of Computer Science,"Chim,Tat Wing"
2020-21 Sem 2,UG,COMP2396,2B,Online,2021-04-09,2021-04-30,,,,,FRI,,,ONLINE,12:30,14:20,Object-oriented programming and Java,Dept of Computer Science,"Chim,Tat Wing"
2020-21 Sem 2,UG,COMP2396,2B,Online,2021-04-13,2021-04-27,,TUE,,,,,,ONLINE,12:30,13:20,Object-oriented programming and Java,Dept of Computer Science,"Chim,Tat Wing"
2020-21 Sem 2,UG,COMP3234,2A,Online,2021-01-19,2021-02-09,,TUE,,,,,,ONLINE,10:30,12:20,Computer and communication networks,Dept of Computer Science,"Tam,Tat Chun Anthony"
2020-21 Sem 2,UG,COMP3234,2A,Online,2021-01-21,2021-02-11,,,,THU,,,,ONLINE,10:30,12:20,Computer and communication networks,Dept of Computer Science,"Tam,Tat Chun Anthony"
2020-21 Sem 2,UG,COMP3234,2A,Online,2021-02-23,2021-03-02,,TUE,,,,,,ONLINE,10:30,12:20,Computer and communication networks,Dept of Computer Science,"Tam,Tat Chun Anthony"
2020-21 Sem 2,UG,COMP3234,2A,Online,2021-02-25,2021-03-04,,,,THU,,,,ONLINE,10:30,12:20,Computer and communication networks,Dept of Computer Science,"Tam,Tat Chun Anthony"
2020-21 Sem 2,UG,COMP3234,2A,Online,2021-03-18,2021-04-29,,,,THU,,,,ONLINE,10:30,12:20,Computer and communication networks,Dept of Computer Science,"Tam,Tat Chun Anthony"
2020-21 Sem 2,UG,COMP3234,2A,Online,2021-03-23,2021-03-30,,TUE,,,,,,ONLINE,10:30,12:20,Computer and communication networks,Dept of Computer Science,"Tam,Tat Chun Anthony"
2020-21 Sem 2,UG,COMP3234,2A,Online,2021-04-13,2021-04-27,,TUE,,,,,,ONLINE,10:30,12:20,Computer and communication networks,Dept of Computer Science,"Tam,Tat Chun Anthony"
2020-21 Sem 2,UG,COMP3234,2B,Face-to-face,2021-01-19,2021-02-09,,TUE,,,,,,MWT1,10:30,12:20,Computer and communication networks,Dept of Computer Science,"Wu,Chuan"
2020-21 Sem 2,UG,COMP3234,2B,Face-to-face,2021-01-21,2021-02-11,,,,THU,,,,MWT1,10:30,12:20,Computer and communication networks,Dept of Computer Science,"Wu,Chuan"
2020-21 Sem 2,UG,COMP3234,2B,Face-to-face,2021-02-23,2021-03-02,,TUE,,,,,,MWT1,10:30,12:20,Computer and communication networks,Dept of Computer Science,"Wu,Chuan"
2020-21 Sem 2,UG,COMP3234,2B,Face-to-face,2021-02-25,2021-03-04,,,,THU,,,,MWT1,10:30,12:20,Computer and communication networks,Dept of Computer Science,"Wu,Chuan"
2020-21 Sem 2,UG,COMP3234,2B,Face-to-face,2021-03-18,2021-04-29,,,,THU,,,,MWT1,10:30,12:20,Computer and communication networks,Dept of Computer Science,"Wu,Chuan"
2020-21 Sem 2,UG,COMP3234,2B,Face-to-face,2021-03-23,2021-03-30,,TUE,,,,,,MWT1,10:30,12:20,Computer and communication networks,Dept of Computer Science,"Wu,Chuan"
2020-21 Sem 2,UG,COMP3234,2B,Face-to-face,2021-04-13,2021-04-27,,TUE,,,,,,MWT1,10:30,12:20,Computer and communication networks,Dept of Computer Science,"Wu,Chuan"
2020-21 Sem 2,UG,COMP3250,2A,Online,2021-01-19,2021-02-09,,TUE,,,,,,ONLINE,12:30,13:20,Design and analysis of algorithms,Dept of Computer Science,"Huang,Zhiyi"
2020-21 Sem 2,UG,COMP3250,2A,Online,2021-01-22,2021-02-05,,,,,FRI,,,ONLINE,12:30,14:20,Design and analysis of algorithms,Dept of Computer Science,"Huang,Zhiyi"
2020-21 Sem 2,UG,COMP3250,2A,Online,2021-02-19,2021-03-05,,,,,FRI,,,ONLINE,12:30,14:20,Design and analysis of algorithms,Dept of Computer Science,"Huang,Zhiyi"
2020-21 Sem 2,UG,COMP3250,2A,Online,2021-02-23,2021-03-02,,TUE,,,,,,ONLINE,12:30,13:20,Design and analysis of algorithms,Dept of Computer Science,"Huang,Zhiyi"
2020-21 Sem 2,UG,COMP3250,2A,Online,2021-03-19,2021-03-26,,,,,FRI,,,ONLINE,12:30,14:20,Design and analysis of algorithms,Dept of Computer Science,"Huang,Zhiyi"
2020-21 Sem 2,UG,COMP3250,2A,Online,2021-03-23,2021-03-30,,TUE,,,,,,ONLINE,12:30,13:20,Design and analysis of algorithms,Dept of Computer Science,"Huang,Zhiyi"
2020-21 Sem 2,UG,COMP3250,2A,Online,2021-04-09,2021-04-30,,,,,FRI,,,ONLINE,12:30,14:20,Design and analysis of algorithms,Dept of Computer Science,"Huang,Zhiyi"
2020-21 Sem 2,UG,COMP3250,2A,Online,2021-04-13,2021-04-27,,TUE,,,,,,ONLINE,12:30,13:20,Design and analysis of algorithms,Dept of Computer Science,"Huang,Zhiyi"
2020-21 Sem 2,UG,COMP3250,2B,Face-to-face,2021-01-19,2021-02-09,,TUE,,,,,,CBA,12:30,13:20,Design and analysis of algorithms,Dept of Computer Science,"Lam,Tak Wah"
2020-21 Sem 2,UG,COMP3250,2B,Face-to-face,2021-01-22,2021-02-05,,,,,FRI,,,CBA,12:30,14:20,Design and analysis of algorithms,Dept of Computer Science,"Lam,Tak Wah"
2020-21 Sem 2,UG,COMP3250,2B,Face-to-face,2021-02-19,2021-03-05,,,,,FRI,,,CBA,12:30,14:20,Design and analysis of algorithms,Dept of Computer Science,"Lam,Tak Wah"
2020-21 Sem 2,UG,COMP3250,2B,Face-to-face,2021-02-23,2021-03-02,,TUE,,,,,,CBA,12:30,13:20,Design and analysis of algorithms,Dept of Computer Science,"Lam,Tak Wah"
2020-21 Sem 2,UG,COMP3250,2B,Face-to-face,2021-03-19,2021-03-26,,,,,FRI,,,CBA,12:30,14:20,Design and analysis of algorithms,Dept of Computer Science,"Lam,Tak Wah"
2020-21 Sem 2,UG,COMP3250,2B,Face-to-face,2021-03-23,2021-03-30,,TUE,,,,,,CBA,12:30,13:20,Design and analysis of algorithms,Dept of Computer Science,"Lam,Tak Wah"
2020-21 Sem 2,UG,COMP3250,2B,Face-to-face,2021-04-09,2021-04-30,,,,,FRI,,,CBA,12:30,14:20,Design and analysis of algorithms,Dept of Computer Science,"Lam,Tak Wah"
2020-21 Sem 2,UG,COMP3250,2B,Face-to-face,2021-04-13,2021-04-27,,TUE,,,,,,CBA,12:30,13:20,Design and analysis of algorithms,Dept of Computer Science,"Lam,Tak Wah"
2020-21 Sem 2,UG,COMP3259,2A,Online,2021-01-18,2021-02-08,MON,,,,,,,ONLINE,14:30,15:20,Principles of programming languages,Dept of Computer Science,"Dos Santos Oliveira,Bruno Cesar"
2020-21 Sem 2,UG,COMP3259,2A,Online,2021-01-21,2021-02-11,,,,THU,,,,ONLINE,13:30,15:20,Principles of programming languages,Dept of Computer Science,"Dos Santos Oliveira,Bruno Cesar"
2020-21 Sem 2,UG,COMP3259,2A,Online,2021-02-22,2021-03-01,MON,,,,,,,ONLINE,14:30,15:20,Principles of programming languages,Dept of Computer Science,"Dos Santos Oliveira,Bruno Cesar"
2020-21 Sem 2,UG,COMP3259,2A,Online,2021-02-25,2021-03-04,,,,THU,,,,ONLINE,13:30,15:20,Principles of programming languages,Dept of Computer Science,"Dos Santos Oliveira,Bruno Cesar"
2020-21 Sem 2,UG,COMP3259,2A,Online,2021-03-15,2021-03-29,MON,,,,,,,ONLINE,14:30,15:20,Principles of programming languages,Dept of Computer Science,"Dos Santos Oliveira,Bruno Cesar"
2020-21 Sem 2,UG,COMP3259,2A,Online,2021-03-18,2021-04-29,,,,THU,,,,ONLINE,13:30,15:20,Principles of programming languages,Dept of Computer Science,"Dos Santos Oliveira,Bruno Cesar"
2020-21 Sem 2,UG,COMP3259,2A,Online,2021-04-12,2021-04-26,MON,,,,,,,ONLINE,14:30,15:20,Principles of programming languages,Dept of Computer Science,"Dos Santos Oliveira,Bruno Cesar"
2020-21 Sem 2,UG,COMP3270,2B,Online,2021-01-18,2021-02-08,MON,,,,,,,ONLINE,14:30,15:20,Artificial intelligence,Dept of Computer Science,"Schnieders,Dirk"
2020-21 Sem 2,UG,COMP3270,2B,Online,2021-01-21,2021-02-11,,,,THU,,,,ONLINE,13:30,15:20,Artificial intelligence,Dept of Computer Science,"Schnieders,Dirk"
2020-21 Sem 2,UG,COMP3270,2B,Online,2021-02-22,2021-03-01,MON,,,,,,,ONLINE,14:30,15:20,Artificial intelligence,Dept of Computer Science,"Schnieders,Dirk"
2020-21 Sem 2,UG,COMP3270,2B,Online,2021-02-25,2021-03-04,,,,THU,,,,ONLINE,13:30,15:20,Artificial intelligence,Dept of Computer Science,"Schnieders,Dirk"
2020-21 Sem 2,UG,COMP3270,2B,Online,2021-03-15,2021-03-29,MON,,,,,,,ONLINE,14:30,15:20,Artificial intelligence,Dept of Computer Science,"Schnieders,Dirk"
2020-21 Sem 2,UG,COMP3270,2B,Online,2021-03-18,2021-04-29,,,,THU,,,,ONLINE,13:30,15:20,Artificial intelligence,Dept of Computer Science,"Schnieders,Dirk"
2020-21 Sem 2,UG,COMP3270,2B,Online,2021-04-12,2021-04-26,MON,,,,,,,ONLINE,14:30,15:20,Artificial intelligence,Dept of Computer Science,"Schnieders,Dirk"
2020-21 Sem 2,UG,COMP3271,2A,Face-to-face,2021-01-19,2021-02-09,,TUE,,,,,,CBC,16:30,18:20,Computer graphics,Dept of Computer Science,
2020-21 Sem 2,UG,COMP3271,2A,Face-to-face,2021-01-22,2021-02-05,,,,,FRI,,,CBC,17:30,18:20,Computer graphics,Dept of Computer Science,
2020-21 Sem 2,UG,COMP3271,2A,Face-to-face,2021-02-19,2021-03-05,,,,,FRI,,,CBC,17:30,18:20,Computer graphics,Dept of Computer Science,
2020-21 Sem 2,UG,COMP3271,2A,Face-to-face,2021-02-23,2021-03-02,,TUE,,,,,,CBC,16:30,18:20,Computer graphics,Dept of Computer Science,
2020-21 Sem 2,UG,COMP3271,2A,Face-to-face,2021-03-19,2021-03-26,,,,,FRI,,,CBC,17:30,18:20,Computer graphics,Dept of Computer Science,
2020-21 Sem 2,UG,COMP3271,2A,Face-to-face,2021-03-23,2021-03-30,,TUE,,,,,,CBC,16:30,18:20,Computer graphics,Dept of Computer Science,
2020-21 Sem 2,UG,COMP3271,2A,Face-to-face,2021-04-09,2021-04-30,,,,,FRI,,,CBC,17:30,18:20,Computer graphics,Dept of Computer Science,
2020-21 Sem 2,UG,COMP3271,2A,Face-to-face,2021-04-13,2021-04-27,,TUE,,,,,,CBC,16:30,18:20,Computer graphics,Dept of Computer Science,
2020-21 Sem 2,UG,COMP3278,2B,Online,2021-01-19,2021-02-09,,TUE,,,,,,ONLINE,09:30,10:20,Introduction to database management systems,Dept of Computer Science,"Luo,Ping"
2020-21 Sem 2,UG,COMP3278,2B,Online,2021-01-22,2021-02-05,,,,,FRI,,,ONLINE,09:30,11:20,Introduction to database management systems,Dept of Computer Science,"Luo,Ping"
2020-21 Sem 2,UG,COMP3278,2B,Online,2021-02-19,2021-03-05,,,,,FRI,,,ONLINE,09:30,11:20,Introduction to database management systems,Dept of Computer Science,"Luo,Ping"
2020-21 Sem 2,UG,COMP3278,2B,Online,2021-02-23,2021-03-02,,TUE,,,,,,ONLINE,09:30,10:20,Introduction to database management systems,Dept of Computer Science,"Luo,Ping"
2020-21 Sem 2,UG,COMP3278,2B,Online,2021-03-19,2021-03-26,,,,,FRI,,,ONLINE,09:30,11:20,Introduction to database management systems,Dept of Computer Science,"Luo,Ping"
2020-21 Sem 2,UG,COMP3278,2B,Online,2021-03-23,2021-03-30,,TUE,,,,,,ONLINE,09:30,10:20,Introduction to database management systems,Dept of Computer Science,"Luo,Ping"
2020-21 Sem 2,UG,COMP3278,2B,Online,2021-04-09,2021-04-30,,,,,FRI,,,ONLINE,09:30,11:20,Introduction to database management systems,Dept of Computer Science,"Luo,Ping"
2020-21 Sem 2,UG,COMP3278,2B,Online,2021-04-13,2021-04-27,,TUE,,,,,,ONLINE,09:30,10:20,Introduction to database management systems,Dept of Computer Science,"Luo,Ping"
2020-21 Sem 2,UG,COMP3297,2B,Online,2021-01-19,2021-02-09,,TUE,,,,,,ONLINE,13:30,15:20,Software engineering,Dept of Computer Science,"Lam,Ka Man; Mitcheson,George Richard"
2020-21 Sem 2,UG,COMP3297,2B,Online,2021-01-22,2021-02-05,,,,,FRI,,,ONLINE,14:30,15:20,Software engineering,Dept of Computer Science,"Lam,Ka Man; Mitcheson,George Richard"
2020-21 Sem 2,UG,COMP3297,2B,Online,2021-02-19,2021-03-05,,,,,FRI,,,ONLINE,14:30,15:20,Software engineering,Dept of Computer Science,"Lam,Ka Man; Mitcheson,George Richard"
2020-21 Sem 2,UG,COMP3297,2B,Online,2021-02-23,2021-03-02,,TUE,,,,,,ONLINE,13:30,15:20,Software engineering,Dept of Computer Science,"Lam,Ka Man; Mitcheson,George Richard"
2020-21 Sem 2,UG,COMP3297,2B,Online,2021-03-19,2021-03-26,,,,,FRI,,,ONLINE,14:30,15:20,Software engineering,Dept of Computer Science,"Lam,Ka Man; Mitcheson,George Richard"
2020-21 Sem 2,UG,COMP3297,2B,Online,2021-03-23,2021-03-30,,TUE,,,,,,ONLINE,13:30,15:20,Software engineering,Dept of Computer Science,"Lam,Ka Man; Mitcheson,George Richard"
2020-21 Sem 2,UG,COMP3297,2B,Online,2021-04-09,2021-04-30,,,,,FRI,,,ONLINE,14:30,15:20,Software engineering,Dept of Computer Science,"Lam,Ka Man; Mitcheson,George Richard"
2020-21 Sem 2,UG,COMP3297,2B,Online,2021-04-13,2021-04-27,,TUE,,,,,,ONLINE,13:30,15:20,Software engineering,Dept of Computer Science,"Lam,Ka Man; Mitcheson,George Richard"
2020-21 Sem 2,UG,COMP3311,2A,Face-to-face,2021-01-19,2021-02-09,,TUE,,,,,,CYPP2,15:30,16:20,Legal aspects of computing,Dept of Computer Science,"Pun,Kwok Hung"
2020-21 Sem 2,UG,COMP3311,2A,Face-to-face,2021-01-22,2021-02-05,,,,,FRI,,,CYPP2,15:30,17:20,Legal aspects of computing,Dept of Computer Science,"Pun,Kwok Hung"
2020-21 Sem 2,UG,COMP3311,2A,Face-to-face,2021-02-19,2021-03-05,,,,,FRI,,,CYPP2,15:30,17:20,Legal aspects of computing,Dept of Computer Science,"Pun,Kwok Hung"
2020-21 Sem 2,UG,COMP3311,2A,Face-to-face,2021-02-23,2021-03-02,,TUE,,,,,,CYPP2,15:30,16:20,Legal aspects of computing,Dept of Computer Science,"Pun,Kwok Hung"
2020-21 Sem 2,UG,COMP3311,2A,Face-to-face,2021-03-19,2021-03-26,,,,,FRI,,,CYPP2,15:30,17:20,Legal aspects of computing,Dept of Computer Science,"Pun,Kwok Hung"
2020-21 Sem 2,UG,COMP3311,2A,Face-to-face,2021-03-23,2021-03-30,,TUE,,,,,,CYPP2,15:30,16:20,Legal aspects of computing,Dept of Computer Science,"Pun,Kwok Hung"
2020-21 Sem 2,UG,COMP3311,2A,Face-to-face,2021-04-09,2021-04-30,,,,,FRI,,,CYPP2,15:30,17:20,Legal aspects of computing,Dept of Computer Science,"Pun,Kwok Hung"
2020-21 Sem 2,UG,COMP3311,2A,Face-to-face,2021-04-13,2021-04-27,,TUE,,,,,,CYPP2,15:30,16:20,Legal aspects of computing,Dept of Computer Science,"Pun,Kwok Hung"
2020-21 Sem 2,UG,COMP3314,2B,Online,2021-01-18,2021-02-08,MON,,,,,,,ONLINE,14:30,17:20,Machine learning,Dept of Computer Science,"Yu,Yizhou"
2020-21 Sem 2,UG,COMP3314,2B,Online,2021-02-22,2021-03-01,MON,,,,,,,ONLINE,14:30,17:20,Machine learning,Dept of Computer Science,"Yu,Yizhou"
2020-21 Sem 2,UG,COMP3314,2B,Online,2021-03-15,2021-03-29,MON,,,,,,,ONLINE,14:30,17:20,Machine learning,Dept of Computer Science,"Yu,Yizhou"
2020-21 Sem 2,UG,COMP3314,2B,Online,2021-04-12,2021-04-26,MON,,,,,,,ONLINE,14:30,17:20,Machine learning,Dept of Computer Science,"Yu,Yizhou"
2020-21 Sem 2,UG,COMP3317,2A,Face-to-face,2021-01-18,2021-02-08,MON,,,,,,,CPD-LG.07,12:30,14:20,Computer vision,Dept of Computer Science,"Wong,Kwan Yee Kenneth"
2020-21 Sem 2,UG,COMP3317,2A,Face-to-face,2021-01-21,2021-02-11,,,,THU,,,,CPD-LG.07,12:30,13:20,Computer vision,Dept of Computer Science,"Wong,Kwan Yee Kenneth"
2020-21 Sem 2,UG,COMP3317,2A,Face-to-face,2021-02-22,2021-03-01,MON,,,,,,,CPD-LG.07,12:30,14:20,Computer vision,Dept of Computer Science,"Wong,Kwan Yee Kenneth"
2020-21 Sem 2,UG,COMP3317,2A,Face-to-face,2021-02-25,2021-03-04,,,,THU,,,,CPD-LG.07,12:30,13:20,Computer vision,Dept of Computer Science,"Wong,Kwan Yee Kenneth"
2020-21 Sem 2,UG,COMP3317,2A,Face-to-face,2021-03-15,2021-03-29,MON,,,,,,,CPD-LG.07,12:30,14:20,Computer vision,Dept of Computer Science,"Wong,Kwan Yee Kenneth"
2020-21 Sem 2,UG,COMP3317,2A,Face-to-face,2021-03-18,2021-04-29,,,,THU,,,,CPD-LG.07,12:30,13:20,Computer vision,Dept of Computer Science,"Wong,Kwan Yee Kenneth"
2020-21 Sem 2,UG,COMP3317,2A,Face-to-face,2021-04-12,2021-04-26,MON,,,,,,,CPD-LG.07,12:30,14:20,Computer vision,Dept of Computer Science,"Wong,Kwan Yee Kenneth"
2020-21 Sem 2,UG,COMP3320,2A,Face-to-face,2021-01-18,2021-02-08,MON,,,,,,,CPD-LG.08,17:30,18:20,Electronic commerce technology,Dept of Computer Science,"Yuen,Tsz Hon"
2020-21 Sem 2,UG,COMP3320,2A,Face-to-face,2021-01-21,2021-02-04,,,,THU,,,,CPD-LG.08,16:30,18:20,Electronic commerce technology,Dept of Computer Science,"Yuen,Tsz Hon"
2020-21 Sem 2,UG,COMP3320,2A,Face-to-face,2021-02-22,2021-03-01,MON,,,,,,,CPD-LG.08,17:30,18:20,Electronic commerce technology,Dept of Computer Science,"Yuen,Tsz Hon"
2020-21 Sem 2,UG,COMP3320,2A,Face-to-face,2021-02-25,2021-03-04,,,,THU,,,,CPD-LG.08,16:30,18:20,Electronic commerce technology,Dept of Computer Science,"Yuen,Tsz Hon"
2020-21 Sem 2,UG,COMP3320,2A,Face-to-face,2021-03-15,2021-03-29,MON,,,,,,,CPD-LG.08,17:30,18:20,Electronic commerce technology,Dept of Computer Science,"Yuen,Tsz Hon"
2020-21 Sem 2,UG,COMP3320,2A,Face-to-face,2021-03-18,2021-04-29,,,,THU,,,,CPD-LG.08,16:30,18:20,Electronic commerce technology,Dept of Computer Science,"Yuen,Tsz Hon"
2020-21 Sem 2,UG,COMP3320,2A,Face-to-face,2021-04-12,2021-04-26,MON,,,,,,,CPD-LG.08,17:30,18:20,Electronic commerce technology,Dept of Computer Science,"Yuen,Tsz Hon"
2020-21 Sem 2,UG,COMP3322,2B,Online,2021-01-18,2021-02-08,MON,,,,,,,ONLINE,09:30,11:20,Modern Technologies on World Wide Web,Dept of Computer Science,"Tam,Tat Chun Anthony"
2020-21 Sem 2,UG,COMP3322,2B,Online,2021-01-22,2021-02-05,,,,,FRI,,,ONLINE,09:30,11:20,Modern Technologies on World Wide Web,Dept of Computer Science,"Tam,Tat Chun Anthony"
2020-21 Sem 2,UG,COMP3322,2B,Online,2021-02-19,2021-03-05,,,,,FRI,,,ONLINE,09:30,11:20,Modern Technologies on World Wide Web,Dept of Computer Science,"Tam,Tat Chun Anthony"
2020-21 Sem 2,UG,COMP3322,2B,Online,2021-02-22,2021-03-01,MON,,,,,,,ONLINE,09:30,11:20,Modern Technologies on World Wide Web,Dept of Computer Science,"Tam,Tat Chun Anthony"
2020-21 Sem 2,UG,COMP3322,2B,Online,2021-03-15,2021-03-29,MON,,,,,,,ONLINE,09:30,11:20,Modern Technologies on World Wide Web,Dept of Computer Science,"Tam,Tat Chun Anthony"
2020-21 Sem 2,UG,COMP3322,2B,Online,2021-03-19,2021-03-26,,,,,FRI,,,ONLINE,09:30,11:20,Modern Technologies on World Wide Web,Dept of Computer Science,"Tam,Tat Chun Anthony"
2020-21 Sem 2,UG,COMP3322,2B,Online,2021-04-09,2021-04-30,,,,,FRI,,,ONLINE,09:30,11:20,Modern Technologies on World Wide Web,Dept of Computer Science,"Tam,Tat Chun Anthony"
2020-21 Sem 2,UG,COMP3322,2B,Online,2021-04-12,2021-04-26,MON,,,,,,,ONLINE,09:30,11:20,Modern Technologies on World Wide Web,Dept of Computer Science,"Tam,Tat Chun Anthony"
2020-21 Sem 2,UG,COMP3329,2A,Online,2021-01-19,2021-02-09,,TUE,,,,,,ONLINE,13:30,15:20,Computer game design and programming,Dept of Computer Science,"Chim,Tat Wing"
2020-21 Sem 2,UG,COMP3329,2A,Online,2021-01-22,2021-02-05,,,,,FRI,,,ONLINE,14:30,15:20,Computer game design and programming,Dept of Computer Science,"Chim,Tat Wing"
2020-21 Sem 2,UG,COMP3329,2A,Online,2021-02-19,2021-03-05,,,,,FRI,,,ONLINE,14:30,15:20,Computer game design and programming,Dept of Computer Science,"Chim,Tat Wing"
2020-21 Sem 2,UG,COMP3329,2A,Online,2021-02-23,2021-03-02,,TUE,,,,,,ONLINE,13:30,15:20,Computer game design and programming,Dept of Computer Science,"Chim,Tat Wing"
2020-21 Sem 2,UG,COMP3329,2A,Online,2021-03-19,2021-03-26,,,,,FRI,,,ONLINE,14:30,15:20,Computer game design and programming,Dept of Computer Science,"Chim,Tat Wing"
2020-21 Sem 2,UG,COMP3329,2A,Online,2021-03-23,2021-03-30,,TUE,,,,,,ONLINE,13:30,15:20,Computer game design and programming,Dept of Computer Science,"Chim,Tat Wing"
2020-21 Sem 2,UG,COMP3329,2A,Online,2021-04-09,2021-04-30,,,,,FRI,,,ONLINE,14:30,15:20,Computer game design and programming,Dept of Computer Science,"Chim,Tat Wing"
2020-21 Sem 2,UG,COMP3329,2A,Online,2021-04-13,2021-04-27,,TUE,,,,,,ONLINE,13:30,15:20,Computer game design and programming,Dept of Computer Science,"Chim,Tat Wing"
2020-21 Sem 2,UG,COMP3357,2A,Face-to-face,2021-01-18,2021-02-08,MON,,,,,,,CBA,11:30,12:20,Cryptography,Dept of Computer Science,"Ramanathan,Ravishankar"
2020-21 Sem 2,UG,COMP3357,2A,Face-to-face,2021-01-21,2021-02-11,,,,THU,,,,CBA,10:30,12:20,Cryptography,Dept of Computer Science,"Ramanathan,Ravishankar"
2020-21 Sem 2,UG,COMP3357,2A,Face-to-face,2021-02-22,2021-03-01,MON,,,,,,,CBA,11:30,12:20,Cryptography,Dept of Computer Science,"Ramanathan,Ravishankar"
2020-21 Sem 2,UG,COMP3357,2A,Face-to-face,2021-02-25,2021-03-04,,,,THU,,,,CBA,10:30,12:20,Cryptography,Dept of Computer Science,"Ramanathan,Ravishankar"
2020-21 Sem 2,UG,COMP3357,2A,Face-to-face,2021-03-15,2021-03-29,MON,,,,,,,CBA,11:30,12:20,Cryptography,Dept of Computer Science,"Ramanathan,Ravishankar"
2020-21 Sem 2,UG,COMP3357,2A,Face-to-face,2021-03-18,2021-04-29,,,,THU,,,,CBA,10:30,12:20,Cryptography,Dept of Computer Science,"Ramanathan,Ravishankar"
2020-21 Sem 2,UG,COMP3357,2A,Face-to-face,2021-04-12,2021-04-26,MON,,,,,,,CBA,11:30,12:20,Cryptography,Dept of Computer Science,"Ramanathan,Ravishankar"
2020-21 Sem 2,UG,COMP3358,2A,Face-to-face,2021-01-18,2021-02-08,MON,,,,,,,CBA,17:30,18:20,Distributed and Parallel Computing,Dept of Computer Science,"Cui,Heming"
2020-21 Sem 2,UG,COMP3358,2A,Face-to-face,2021-01-21,2021-02-04,,,,THU,,,,CBA,16:30,18:20,Distributed and Parallel Computing,Dept of Computer Science,"Cui,Heming"
2020-21 Sem 2,UG,COMP3358,2A,Face-to-face,2021-02-22,2021-03-01,MON,,,,,,,CBA,17:30,18:20,Distributed and Parallel Computing,Dept of Computer Science,"Cui,Heming"
2020-21 Sem 2,UG,COMP3358,2A,Face-to-face,2021-02-25,2021-03-04,,,,THU,,,,CBA,16:30,18:20,Distributed and Parallel Computing,Dept of Computer Science,"Cui,Heming"
2020-21 Sem 2,UG,COMP3358,2A,Face-to-face,2021-03-15,2021-03-29,MON,,,,,,,CBA,17:30,18:20,Distributed and Parallel Computing,Dept of Computer Science,"Cui,Heming"
2020-21 Sem 2,UG,COMP3358,2A,Face-to-face,2021-03-18,2021-04-29,,,,THU,,,,CBA,16:30,18:20,Distributed and Parallel Computing,Dept of Computer Science,"Cui,Heming"
2020-21 Sem 2,UG,COMP3358,2A,Face-to-face,2021-04-12,2021-04-26,MON,,,,,,,CBA,17:30,18:20,Distributed and Parallel Computing,Dept of Computer Science,"Cui,Heming"
2020-21 Sem 2,UG,COMP3359,2A,Face-to-face,2021-01-18,2021-02-08,MON,,,,,,,LE1,09:30,11:20,Artificial Intelligence Applications,Dept of Computer Science,"Choi,Yi King"
2020-21 Sem 2,UG,COMP3359,2A,Face-to-face,2021-01-21,2021-02-11,,,,THU,,,,LE1,09:30,10:20,Artificial Intelligence Applications,Dept of Computer Science,"Choi,Yi King"
2020-21 Sem 2,UG,COMP3359,2A,Face-to-face,2021-02-22,2021-03-01,MON,,,,,,,LE1,09:30,11:20,Artificial Intelligence Applications,Dept of Computer Science,"Choi,Yi King"
2020-21 Sem 2,UG,COMP3359,2A,Face-to-face,2021-02-25,2021-03-04,,,,THU,,,,LE1,09:30,10:20,Artificial Intelligence Applications,Dept of Computer Science,"Choi,Yi King"
2020-21 Sem 2,UG,COMP3359,2A,Face-to-face,2021-03-15,2021-03-29,MON,,,,,,,LE1,09:30,11:20,Artificial Intelligence Applications,Dept of Computer Science,"Choi,Yi King"
2020-21 Sem 2,UG,COMP3359,2A,Face-to-face,2021-03-18,2021-04-29,,,,THU,,,,LE1,09:30,10:20,Artificial Intelligence Applications,Dept of Computer Science,"Choi,Yi King"
2020-21 Sem 2,UG,COMP3359,2A,Face-to-face,2021-04-12,2021-04-26,MON,,,,,,,LE1,09:30,11:20,Artificial Intelligence Applications,Dept of Computer Science,"Choi,Yi King"
2020-21 Sem 2,UG,COMP3403,2A,Face-to-face,2021-01-18,2021-02-08,MON,,,,,,,CBA,15:30,17:20,"Implementation, testing and maintenance of software systems",Dept of Computer Science,"Mitcheson,George Richard"
2020-21 Sem 2,UG,COMP3403,2A,Face-to-face,2021-01-21,2021-02-04,,,,THU,,,,CBA,15:30,16:20,"Implementation, testing and maintenance of software systems",Dept of Computer Science,"Mitcheson,George Richard"
2020-21 Sem 2,UG,COMP3403,2A,Face-to-face,2021-02-22,2021-03-01,MON,,,,,,,CBA,15:30,17:20,"Implementation, testing and maintenance of software systems",Dept of Computer Science,"Mitcheson,George Richard"
2020-21 Sem 2,UG,COMP3403,2A,Face-to-face,2021-02-25,2021-03-04,,,,THU,,,,CBA,15:30,16:20,"Implementation, testing and maintenance of software systems",Dept of Computer Science,"Mitcheson,George Richard"
2020-21 Sem 2,UG,COMP3403,2A,Face-to-face,2021-03-15,2021-03-29,MON,,,,,,,CBA,15:30,17:20,"Implementation, testing and maintenance of software systems",Dept of Computer Science,"Mitcheson,George Richard"
2020-21 Sem 2,UG,COMP3403,2A,Face-to-face,2021-03-18,2021-04-29,,,,THU,,,,CBA,15:30,16:20,"Implementation, testing and maintenance of software systems",Dept of Computer Science,"Mitcheson,George Richard"
2020-21 Sem 2,UG,COMP3403,2A,Face-to-face,2021-04-12,2021-04-26,MON,,,,,,,CBA,15:30,17:20,"Implementation, testing and maintenance of software systems",Dept of Computer Science,"Mitcheson,George Richard"
